#FF0033,1 -- 9 / 2895 -- 2903,B
#808080,10 -- 12,B
#8B4513,13 -- 30 / 510 -- 526,B
#339933,Not Present,
#339933,31 -- 32 / 473 -- 474,B
#FF0033,33 -- 45 / 431 -- 446,B
#CDAD00,46 -- 48/ 178 -- 180,B
#3399FF,49 -- 56/ 114 -- 120,B
#FF0033,57 -- 70,B
#808080,71 -- 74,B
#3300FF,75 -- 113,B
#CDAD00,121 -- 130,B
#339933,131 -- 148,B
#8B4513,149 -- 177,B
#991EFF,181 -- 215,B
#808080,216 -- 221,B
#FF6600,222 -- 232,B
#3399FF,233 -- 264,B
#8B4513,265 -- 269 / 424 -- 430,B
#339933,Not Present,
#FF0033,271 -- 298/ 339 -- 369,B
#808080,299 -- 300,B
#CDAD00,301 -- 318,B
#339933,319 -- 323,B
#3399FF,324 -- 338,B
#808080,370,B
#991EFF,371 -- 403,B
#3300FF,Not Present,
#CDAD00,404 -- 423,B
#3399FF,447 -- 454,B
#CDAD00,455 -- 472,B
#3300FF,475 -- 482,B
#991EFF,483 -- 497,B
#808080,Not Present,
,498 -- 509,B,527 -- 532,B
,,
#339933,533 -- 561,B
#991EFF,562 -- 578,B
#3399FF,579 -- 586/ 1251 -- 1261,B
#808080,587,B
#FF0033,588 -- 603/ 655 -- 670,B
#CDAD00,604 -- 626,B
#3300FF,627 -- 637,B
#FF6600,Not Present,
#8B4513,Not Present,
#339933,638 -- 652,B
#991EFF,Not Present,
#808080,653 -- 654,B
#FF6600,671 -- 684/ 795 -- 810,B
#339933,685 -- 698/ 762 -- 774,B
#FF0033,699 -- 733,B
#3399FF,734 -- 761,B
#991EFF,775 -- 794,B
#808080,811,B
#CDAD00,812 -- 821/,B
#339933,822 -- 835,B
#3399FF,836 -- 944,B
#808080,945,B
#FF6600,Not Present,
#3399FF,,
#8B4513,946 -- 973,B
#3399FF,974 -- 990,B
#8B4513,991 -- 1019/ 1142 -- 1163,B
#3300FF,Not Present,
#3399FF,Not Present,
#CDAD00,1020 -- 1025 /1135 -- 1141,B
#808080,1026,B
#339933,1027 -- 1056/ 1103 -- 1126,B
#FF6600,Not Present,
#CDAD00,1057 -- 1081,B
#FF0033,1082 -- 1086,B
#991EFF,1087 -- 1102,B
#808080,1127 -- 1134,B
#808080,,
#FF0033,1164 -- 1185,B
#3300FF,1196 -- 1250,B
,,
#FF0033,1262 -- 1270 / 2010 -- 2017,B
,,
#808080,1271 -- 1275,B
#CDAD00,1276 -- 1294,B
#339933,1295 -- 1299/ 1641 -- 1645,B
#FF6600,1300 -- 1307/ 1622 -1626,B
#3300FF,1308 -- 1313/ 1603 -- 1606,B
#8B4513,1314 -- 1339,B
#808080,1340 -- 1341,B
#FF0033,1342 -- 1349/ 1598 -- 1602,B
#3300FF,1350 --1383,B
#CDAD00,1384 -- 1404,B
#3399FF,1405 -- 1428/ 1569 -- 1597,B
#FF6600,1429 -- 1444/ 1547 -- 1568,B
#8B4513,Not Present,
#CDAD00,Not Present,
#3300FF,1445 -- 1466,B
#339933,1467 -- 1525,B
#991EFF,1526 -- 1546,B
#3399FF,1607 -- 1621,B
#991EFF,1627 --1640,B
,,
#808080,1646 -- 1647,B
#8B4513,1648 -- 1674/ 1990 -- 2009,B
#808080,1675 --1681,B
#FF0033,1682 -- 1706,B
#FF6600,1707 -- 1751,B
#3300FF,1752 -- 1756,B
#CDAD00,1757 -- 1762,B
#808080,1763,B
#339933,1764 -- 1772/ 1978 -- 1989,B
#3399FF,1773 -- 1790,B
#991EFF,1791 -- 1828,B
#CDAD00,1829 -- 1834/ 1970 -- 1977,B
#FF0033,1835 -- 1905,B
#339933,1906 -- 1924,B
#991EFF,1925 -- 1929,B
#3399FF,1930 -- 1934/ 1964 -- 1969,B
#808080,1935 -- 1942/ 1962 -- 1963,B
#8B4513,1943 -- 1961,B
,,
#CDAD00,2018 -- 2022 ,B
#FF0033,2023 -- 2042,B
#3399FF,2043 -- 2054/ 2614 -- 2628,B
#808080,2055 -- 2060/ 2609 -- 2613,B
#339933,2061 -- 2074/ 2434 -- 2451,B
#CDAD00,2075 -- 2092/ 2226 -- 2245,B
#3399FF,2093 -- 2110/ 2179 -- 2196,B
#FF6600,,
#339933,,
#991EFF,2133 -- 2157,B
#FF0033,2197 -- 2225,B
#FF0033,2246 -- 2258,B
#339933,2259 -- 2282,B
,,
#CDAD00,2283 -- 2286/ 2383 -- 2390,B
#808080,,
#FF0033,2287 -- 2296/ 2335 -- 2344,B
#339933,2297 -- 2322,B
#FF6600,Not Present,
#991EFF,2323 -- 2332,B
#808080,2333 -- 2334,B
#3399FF,2345 -- 2371,B
#8B4513,2372 -- 2381,B
#808080,2382,B
#808080,,
#FF6600,2391 -- 2429,B
#808080,2430 -- 2433,B
#3399FF,2452 -- 2504,B
#808080,2505 -- 2506,B
#CDAD00,2507 -- 2517/ 2567 -- 2585,B
#808080,2518,B
#FF6600,2519 -- 2546,B
#FF0033,2547 -- 2561,B
#991EFF,2562 -- 2566,B
#991EFF,2586 -- 2608,B
,,
#808080,2629,B
#CDAD00,2630 -- 2645/ 2771 -- 2789,B
#339933,2646 -- 2674,B
#FF0033,2675 -- 2732,B
#CDAD00,Not Present,
#339933,Not Present,
#3399FF,2733 -- 2770,B
#339933,2790 -- 2805,B,,
#339933,,
#FF6600,2806 -- 2814/ 2884 -- 2892,B
#991EFF,2815 -- 2831,B
#3399FF,2832 -- 2883,B
#808080,2893 -- 2894,B
#FF0033,1 -- 9/ 2895 -- 2903,B
#CDAD00,2 -- 118,A
